,0
0,H&E morphology of colorectal mucinous adenocarcinoma may include extracellular mucin around atypical epithelial strips and mucin pools adjacent to collagen bundles.
1,H&E morphology of colorectal mucinous adenocarcinoma may include epithelial groups along fibrous septa and small lumina within floating epithelial groups.
2,H&E morphology of colorectal mucinous adenocarcinoma may include mucinous tumor extending between tissue compartments and extracellular mucin around atypical epithelial strips.
3,H&E morphology of colorectal mucinous adenocarcinoma may include coalescent mucin pools with epithelial islands and variation in nuclear size among tumor cells.
4,H&E morphology of colorectal mucinous adenocarcinoma may include glandular fragments bordering mucin spaces and hyperchromatic nuclei in floating tumor clusters.
5,H&E morphology of colorectal mucinous adenocarcinoma may include coalescent mucin pools with epithelial islands and sparse tumor clusters in abundant extracellular mucin.
6,H&E morphology of colorectal mucinous adenocarcinoma may include glandular tumor bordering extracellular mucin and variable cellularity across mucin-filled regions.
7,H&E morphology of colorectal mucinous adenocarcinoma may include mixed mucinous and gland-forming regions and malignant epithelial clusters suspended in mucin.
8,H&E morphology of colorectal mucinous adenocarcinoma may include broad extracellular mucin pools containing tumor and hyperchromatic nuclei in floating tumor clusters.
9,H&E morphology of colorectal mucinous adenocarcinoma may include extracellular mucin around atypical epithelial strips and isolated atypical cells in extracellular mucin.
10,H&E morphology of colorectal mucinous adenocarcinoma may include glandular fragments bordering mucin spaces and small lumina within floating epithelial groups.
11,H&E morphology of colorectal mucinous adenocarcinoma may include glandular tumor bordering extracellular mucin and variable nuclear stratification in tumor epithelium.
12,H&E morphology of colorectal mucinous adenocarcinoma may include mucinous areas interrupting native bowel architecture and malignant epithelial clusters suspended in mucin.
13,H&E morphology of colorectal mucinous adenocarcinoma may include glandular fragments bordering mucin spaces and extracellular mucin around atypical epithelial strips.
14,H&E morphology of colorectal mucinous adenocarcinoma may include pale extracellular mucin between tumor cells and variable inflammatory cells around mucin pools.
15,H&E morphology of colorectal mucinous adenocarcinoma may include epithelial groups along fibrous septa and scattered cellular debris within mucin.
16,H&E morphology of colorectal mucinous adenocarcinoma may include variable nuclear stratification in tumor epithelium and epithelial groups along fibrous septa.
17,H&E morphology of colorectal mucinous adenocarcinoma may include extracellular mucin around atypical epithelial strips and small lumina within floating epithelial groups.
18,H&E morphology of colorectal mucinous adenocarcinoma may include glandular tumor bordering extracellular mucin and extracellular mucin around atypical epithelial strips.
19,H&E morphology of colorectal mucinous adenocarcinoma may include pale extracellular mucin between tumor cells and variation in nuclear size among tumor cells.
20,H&E morphology of colorectal mucinous adenocarcinoma may include broad extracellular mucin pools containing tumor and mucinous tumor extending between tissue compartments.
21,H&E morphology of colorectal mucinous adenocarcinoma may include malignant epithelial clusters suspended in mucin and hyperchromatic nuclei in floating tumor clusters.
22,H&E morphology of colorectal mucinous adenocarcinoma may include coalescent mucin pools with epithelial islands and isolated atypical cells in extracellular mucin.
23,H&E morphology of colorectal mucinous adenocarcinoma may include epithelial clusters dispersed through mucinous areas and fibroblasts at mucinous tumor boundaries.
24,H&E morphology of colorectal mucinous adenocarcinoma may include mucinous tumor extending between tissue compartments and glandular fragments bordering mucin spaces.
25,H&E morphology of colorectal mucinous adenocarcinoma may include pale mucin lakes separated by fibrous septa and variable cellularity across mucin-filled regions.
26,H&E morphology of colorectal mucinous adenocarcinoma may include mucinous tumor extending between tissue compartments and small lumina within floating epithelial groups.
27,H&E morphology of colorectal mucinous adenocarcinoma may include coalescent mucin pools with epithelial islands and glandular fragments bordering mucin spaces.
28,H&E morphology of colorectal mucinous adenocarcinoma may include mucin-containing malignant cells and small lumina within floating epithelial groups.
29,H&E morphology of colorectal mucinous adenocarcinoma may include variable cellularity across mucin-filled regions and sparse tumor clusters in abundant extracellular mucin.
30,H&E morphology of colorectal mucinous adenocarcinoma may include mucinous tumor extending between tissue compartments and scattered cellular debris within mucin.
31,H&E morphology of colorectal mucinous adenocarcinoma may include sparse tumor clusters in abundant extracellular mucin and dense epithelial areas beside sparsely cellular mucin.
32,H&E morphology of colorectal mucinous adenocarcinoma may include broad extracellular mucin pools containing tumor and isolated atypical cells in extracellular mucin.
33,H&E morphology of colorectal mucinous adenocarcinoma may include coalescent mucin pools with epithelial islands and mixed mucinous and gland-forming regions.
34,H&E morphology of colorectal mucinous adenocarcinoma may include mixed mucinous and gland-forming regions and mucinous areas interrupting native bowel architecture.
35,H&E morphology of colorectal mucinous adenocarcinoma may include extracellular mucin around atypical epithelial strips and scattered cellular debris within mucin.
36,H&E morphology of colorectal mucinous adenocarcinoma may include mucinous tumor extending between tissue compartments and variable cellularity across mucin-filled regions.
37,H&E morphology of colorectal mucinous adenocarcinoma may include coalescent mucin pools with epithelial islands and epithelial groups along fibrous septa.
38,H&E morphology of colorectal mucinous adenocarcinoma may include sparse tumor clusters in abundant extracellular mucin and fibroblasts at mucinous tumor boundaries.
39,H&E morphology of colorectal mucinous adenocarcinoma may include malignant epithelial clusters suspended in mucin and mucin-containing malignant cells.
40,H&E morphology of colorectal mucinous adenocarcinoma may include sparse tumor clusters in abundant extracellular mucin and mucin pools adjacent to collagen bundles.
41,H&E morphology of colorectal mucinous adenocarcinoma may include small lumina within floating epithelial groups and isolated atypical cells in extracellular mucin.
42,H&E morphology of colorectal mucinous adenocarcinoma may include epithelial groups along fibrous septa and fibroblasts at mucinous tumor boundaries.
43,H&E morphology of colorectal mucinous adenocarcinoma may include pale mucin lakes separated by fibrous septa and glandular tumor bordering extracellular mucin.
44,H&E morphology of colorectal mucinous adenocarcinoma may include glandular tumor bordering extracellular mucin and mucinous areas interrupting native bowel architecture.
45,H&E morphology of colorectal mucinous adenocarcinoma may include glandular fragments bordering mucin spaces and variable inflammatory cells around mucin pools.
46,H&E morphology of colorectal mucinous adenocarcinoma may include mucinous tumor extending between tissue compartments and pale extracellular mucin between tumor cells.
47,H&E morphology of colorectal mucinous adenocarcinoma may include epithelial clusters dispersed through mucinous areas and extracellular mucin around atypical epithelial strips.
48,H&E morphology of colorectal mucinous adenocarcinoma may include broad extracellular mucin pools containing tumor and epithelial groups along fibrous septa.
49,H&E morphology of colorectal mucinous adenocarcinoma may include hyperchromatic nuclei in floating tumor clusters and pale extracellular mucin between tumor cells.
50,H&E morphology of colorectal mucinous adenocarcinoma may include variable nuclear stratification in tumor epithelium and small lumina within floating epithelial groups.
51,H&E morphology of colorectal mucinous adenocarcinoma may include mucinous tumor extending between tissue compartments and glandular tumor bordering extracellular mucin.
52,H&E morphology of colorectal mucinous adenocarcinoma may include glandular tumor bordering extracellular mucin and fibroblasts at mucinous tumor boundaries.
53,H&E morphology of colorectal mucinous adenocarcinoma may include glandular fragments bordering mucin spaces and epithelial groups along fibrous septa.
54,H&E morphology of colorectal mucinous adenocarcinoma may include broad extracellular mucin pools containing tumor and mucin pools adjacent to collagen bundles.
55,H&E morphology of colorectal mucinous adenocarcinoma may include pale mucin lakes separated by fibrous septa and variable nuclear stratification in tumor epithelium.
56,H&E morphology of colorectal mucinous adenocarcinoma may include broad extracellular mucin pools containing tumor and mucinous areas interrupting native bowel architecture.
57,H&E morphology of colorectal mucinous adenocarcinoma may include glandular fragments bordering mucin spaces and isolated atypical cells in extracellular mucin.
58,H&E morphology of colorectal mucinous adenocarcinoma may include mixed mucinous and gland-forming regions and scattered cellular debris within mucin.
59,H&E morphology of colorectal mucinous adenocarcinoma may include epithelial clusters dispersed through mucinous areas and small lumina within floating epithelial groups.
60,H&E morphology of colorectal mucinous adenocarcinoma may include mixed mucinous and gland-forming regions and small lumina within floating epithelial groups.
61,H&E morphology of colorectal mucinous adenocarcinoma may include mucinous tumor extending between tissue compartments and mucin pools adjacent to collagen bundles.
62,H&E morphology of colorectal mucinous adenocarcinoma may include pale extracellular mucin between tumor cells and small lumina within floating epithelial groups.
63,H&E morphology of colorectal mucinous adenocarcinoma may include glandular tumor bordering extracellular mucin and pale extracellular mucin between tumor cells.
64,H&E morphology of colorectal mucinous adenocarcinoma may include variable cellularity across mucin-filled regions and epithelial groups along fibrous septa.
65,H&E morphology of colorectal mucinous adenocarcinoma may include mucin-containing malignant cells and variable inflammatory cells around mucin pools.
66,H&E morphology of colorectal mucinous adenocarcinoma may include mucinous areas interrupting native bowel architecture and fibroblasts at mucinous tumor boundaries.
67,H&E morphology of colorectal mucinous adenocarcinoma may include pale mucin lakes separated by fibrous septa and mucinous areas interrupting native bowel architecture.
68,H&E morphology of colorectal mucinous adenocarcinoma may include epithelial clusters dispersed through mucinous areas and mucin-containing malignant cells.
69,H&E morphology of colorectal mucinous adenocarcinoma may include epithelial clusters dispersed through mucinous areas and variable inflammatory cells around mucin pools.
70,H&E morphology of colorectal mucinous adenocarcinoma may include mixed mucinous and gland-forming regions and mucin pools adjacent to collagen bundles.
71,H&E morphology of colorectal mucinous adenocarcinoma may include pale mucin lakes separated by fibrous septa and mucin pools adjacent to collagen bundles.
72,H&E morphology of colorectal mucinous adenocarcinoma may include fibroblasts at mucinous tumor boundaries and variable inflammatory cells around mucin pools.
73,H&E morphology of colorectal mucinous adenocarcinoma may include variable cellularity across mucin-filled regions and mucinous areas interrupting native bowel architecture.
74,H&E morphology of colorectal mucinous adenocarcinoma may include mixed mucinous and gland-forming regions and isolated atypical cells in extracellular mucin.
75,H&E morphology of colorectal mucinous adenocarcinoma may include glandular tumor bordering extracellular mucin and glandular fragments bordering mucin spaces.
76,H&E morphology of colorectal mucinous adenocarcinoma may include extracellular mucin around atypical epithelial strips and fibroblasts at mucinous tumor boundaries.
77,H&E morphology of colorectal mucinous adenocarcinoma may include pale mucin lakes separated by fibrous septa and malignant epithelial clusters suspended in mucin.
78,H&E morphology of colorectal mucinous adenocarcinoma may include hyperchromatic nuclei in floating tumor clusters and mucin pools adjacent to collagen bundles.
79,H&E morphology of colorectal mucinous adenocarcinoma may include epithelial clusters dispersed through mucinous areas and sparse tumor clusters in abundant extracellular mucin.
80,H&E morphology of colorectal mucinous adenocarcinoma may include hyperchromatic nuclei in floating tumor clusters and variation in nuclear size among tumor cells.
81,H&E morphology of colorectal mucinous adenocarcinoma may include epithelial clusters dispersed through mucinous areas and pale mucin lakes separated by fibrous septa.
82,H&E morphology of colorectal mucinous adenocarcinoma may include pale mucin lakes separated by fibrous septa and mucin-containing malignant cells.
83,H&E morphology of colorectal mucinous adenocarcinoma may include coalescent mucin pools with epithelial islands and extracellular mucin around atypical epithelial strips.
84,H&E morphology of colorectal mucinous adenocarcinoma may include sparse tumor clusters in abundant extracellular mucin and epithelial groups along fibrous septa.
85,H&E morphology of colorectal mucinous adenocarcinoma may include malignant epithelial clusters suspended in mucin and scattered cellular debris within mucin.
86,H&E morphology of colorectal mucinous adenocarcinoma may include glandular fragments bordering mucin spaces and fibroblasts at mucinous tumor boundaries.
87,H&E morphology of colorectal mucinous adenocarcinoma may include glandular tumor bordering extracellular mucin and scattered cellular debris within mucin.
88,H&E morphology of colorectal mucinous adenocarcinoma may include mucin-containing malignant cells and dense epithelial areas beside sparsely cellular mucin.
89,H&E morphology of colorectal mucinous adenocarcinoma may include malignant epithelial clusters suspended in mucin and isolated atypical cells in extracellular mucin.
90,H&E morphology of colorectal mucinous adenocarcinoma may include mucin-containing malignant cells and fibroblasts at mucinous tumor boundaries.
91,H&E morphology of colorectal mucinous adenocarcinoma may include pale mucin lakes separated by fibrous septa and scattered cellular debris within mucin.
92,H&E morphology of colorectal mucinous adenocarcinoma may include mucinous tumor extending between tissue compartments and malignant epithelial clusters suspended in mucin.
93,H&E morphology of colorectal mucinous adenocarcinoma may include broad extracellular mucin pools containing tumor and epithelial clusters dispersed through mucinous areas.
94,H&E morphology of colorectal mucinous adenocarcinoma may include coalescent mucin pools with epithelial islands and scattered cellular debris within mucin.
95,H&E morphology of colorectal mucinous adenocarcinoma may include broad extracellular mucin pools containing tumor and scattered cellular debris within mucin.
96,H&E morphology of colorectal mucinous adenocarcinoma may include epithelial clusters dispersed through mucinous areas and epithelial groups along fibrous septa.
97,H&E morphology of colorectal mucinous adenocarcinoma may include malignant epithelial clusters suspended in mucin and fibroblasts at mucinous tumor boundaries.
98,H&E morphology of colorectal mucinous adenocarcinoma may include variable inflammatory cells around mucin pools and small lumina within floating epithelial groups.
99,H&E morphology of colorectal mucinous adenocarcinoma may include variable cellularity across mucin-filled regions and variable nuclear stratification in tumor epithelium.
100,H&E morphology of colorectal mucinous adenocarcinoma may include glandular tumor bordering extracellular mucin and coalescent mucin pools with epithelial islands.
101,H&E morphology of colorectal mucinous adenocarcinoma may include pale mucin lakes separated by fibrous septa and dense epithelial areas beside sparsely cellular mucin.
102,H&E morphology of colorectal mucinous adenocarcinoma may include mixed mucinous and gland-forming regions and hyperchromatic nuclei in floating tumor clusters.
103,H&E morphology of colorectal mucinous adenocarcinoma may include broad extracellular mucin pools containing tumor and pale extracellular mucin between tumor cells.
104,H&E morphology of colorectal mucinous adenocarcinoma may include pale extracellular mucin between tumor cells and scattered cellular debris within mucin.
105,H&E morphology of colorectal mucinous adenocarcinoma may include hyperchromatic nuclei in floating tumor clusters and epithelial groups along fibrous septa.
106,H&E morphology of colorectal mucinous adenocarcinoma may include glandular tumor bordering extracellular mucin and mucin pools adjacent to collagen bundles.
107,H&E morphology of colorectal mucinous adenocarcinoma may include fibroblasts at mucinous tumor boundaries and isolated atypical cells in extracellular mucin.
108,H&E morphology of colorectal mucinous adenocarcinoma may include pale mucin lakes separated by fibrous septa and variation in nuclear size among tumor cells.
109,H&E morphology of colorectal mucinous adenocarcinoma may include mixed mucinous and gland-forming regions and variation in nuclear size among tumor cells.
110,H&E morphology of colorectal mucinous adenocarcinoma may include mucinous tumor extending between tissue compartments and epithelial groups along fibrous septa.
111,H&E morphology of colorectal mucinous adenocarcinoma may include variable cellularity across mucin-filled regions and fibroblasts at mucinous tumor boundaries.
112,H&E morphology of colorectal mucinous adenocarcinoma may include sparse tumor clusters in abundant extracellular mucin and variation in nuclear size among tumor cells.
113,H&E morphology of colorectal mucinous adenocarcinoma may include mucinous tumor extending between tissue compartments and pale mucin lakes separated by fibrous septa.
114,H&E morphology of colorectal mucinous adenocarcinoma may include variable cellularity across mucin-filled regions and variation in nuclear size among tumor cells.
115,H&E morphology of colorectal mucinous adenocarcinoma may include variable nuclear stratification in tumor epithelium and variable inflammatory cells around mucin pools.
116,H&E morphology of colorectal mucinous adenocarcinoma may include variable cellularity across mucin-filled regions and hyperchromatic nuclei in floating tumor clusters.
117,H&E morphology of colorectal mucinous adenocarcinoma may include malignant epithelial clusters suspended in mucin and dense epithelial areas beside sparsely cellular mucin.
118,H&E morphology of colorectal mucinous adenocarcinoma may include mucinous tumor extending between tissue compartments and hyperchromatic nuclei in floating tumor clusters.
119,H&E morphology of colorectal mucinous adenocarcinoma may include variable cellularity across mucin-filled regions and coalescent mucin pools with epithelial islands.
120,H&E morphology of colorectal mucinous adenocarcinoma may include mixed mucinous and gland-forming regions and mucin-containing malignant cells.
121,H&E morphology of colorectal mucinous adenocarcinoma may include fibroblasts at mucinous tumor boundaries and scattered cellular debris within mucin.
122,H&E morphology of colorectal mucinous adenocarcinoma may include extracellular mucin around atypical epithelial strips and hyperchromatic nuclei in floating tumor clusters.
123,H&E morphology of colorectal mucinous adenocarcinoma may include variable inflammatory cells around mucin pools and dense epithelial areas beside sparsely cellular mucin.
124,H&E morphology of colorectal mucinous adenocarcinoma may include epithelial groups along fibrous septa and mucin pools adjacent to collagen bundles.
125,H&E morphology of colorectal mucinous adenocarcinoma may include broad extracellular mucin pools containing tumor and mixed mucinous and gland-forming regions.
126,H&E morphology of colorectal mucinous adenocarcinoma may include fibroblasts at mucinous tumor boundaries and small lumina within floating epithelial groups.
127,H&E morphology of colorectal mucinous adenocarcinoma may include malignant epithelial clusters suspended in mucin and mucin pools adjacent to collagen bundles.
128,H&E morphology of colorectal mucinous adenocarcinoma may include mucinous areas interrupting native bowel architecture and variation in nuclear size among tumor cells.
129,H&E morphology of colorectal mucinous adenocarcinoma may include coalescent mucin pools with epithelial islands and variable inflammatory cells around mucin pools.
130,H&E morphology of colorectal mucinous adenocarcinoma may include sparse tumor clusters in abundant extracellular mucin and scattered cellular debris within mucin.
131,H&E morphology of colorectal mucinous adenocarcinoma may include mixed mucinous and gland-forming regions and pale extracellular mucin between tumor cells.
132,H&E morphology of colorectal mucinous adenocarcinoma may include variable nuclear stratification in tumor epithelium and scattered cellular debris within mucin.
133,H&E morphology of colorectal mucinous adenocarcinoma may include pale mucin lakes separated by fibrous septa and pale extracellular mucin between tumor cells.
134,H&E morphology of colorectal mucinous adenocarcinoma may include mucin pools adjacent to collagen bundles and fibroblasts at mucinous tumor boundaries.
135,H&E morphology of colorectal mucinous adenocarcinoma may include mucinous areas interrupting native bowel architecture and pale extracellular mucin between tumor cells.
136,H&E morphology of colorectal mucinous adenocarcinoma may include malignant epithelial clusters suspended in mucin and small lumina within floating epithelial groups.
137,H&E morphology of colorectal mucinous adenocarcinoma may include extracellular mucin around atypical epithelial strips and mucin-containing malignant cells.
138,H&E morphology of colorectal mucinous adenocarcinoma may include glandular fragments bordering mucin spaces and mucin pools adjacent to collagen bundles.
139,H&E morphology of colorectal mucinous adenocarcinoma may include scattered cellular debris within mucin and small lumina within floating epithelial groups.
140,H&E morphology of colorectal mucinous adenocarcinoma may include coalescent mucin pools with epithelial islands and hyperchromatic nuclei in floating tumor clusters.
141,H&E morphology of colorectal mucinous adenocarcinoma may include epithelial clusters dispersed through mucinous areas and variable nuclear stratification in tumor epithelium.
142,H&E morphology of colorectal mucinous adenocarcinoma may include extracellular mucin around atypical epithelial strips and variable inflammatory cells around mucin pools.
143,H&E morphology of colorectal mucinous adenocarcinoma may include mucinous tumor extending between tissue compartments and variable inflammatory cells around mucin pools.
144,H&E morphology of colorectal mucinous adenocarcinoma may include pale mucin lakes separated by fibrous septa and isolated atypical cells in extracellular mucin.
145,H&E morphology of colorectal mucinous adenocarcinoma may include mucinous areas interrupting native bowel architecture and dense epithelial areas beside sparsely cellular mucin.
146,H&E morphology of colorectal mucinous adenocarcinoma may include mucinous tumor extending between tissue compartments and isolated atypical cells in extracellular mucin.
147,H&E morphology of colorectal mucinous adenocarcinoma may include isolated atypical cells in extracellular mucin and variation in nuclear size among tumor cells.
148,H&E morphology of colorectal mucinous adenocarcinoma may include coalescent mucin pools with epithelial islands and mucin-containing malignant cells.
149,H&E morphology of colorectal mucinous adenocarcinoma may include coalescent mucin pools with epithelial islands and variable nuclear stratification in tumor epithelium.
150,H&E morphology of colorectal mucinous adenocarcinoma may include hyperchromatic nuclei in floating tumor clusters and scattered cellular debris within mucin.
151,H&E morphology of colorectal mucinous adenocarcinoma may include mucinous tumor extending between tissue compartments and fibroblasts at mucinous tumor boundaries.
152,H&E morphology of colorectal mucinous adenocarcinoma may include epithelial groups along fibrous septa and pale extracellular mucin between tumor cells.
153,H&E morphology of colorectal mucinous adenocarcinoma may include epithelial clusters dispersed through mucinous areas and variable cellularity across mucin-filled regions.
154,H&E morphology of colorectal mucinous adenocarcinoma may include variable nuclear stratification in tumor epithelium and dense epithelial areas beside sparsely cellular mucin.
155,H&E morphology of colorectal mucinous adenocarcinoma may include pale mucin lakes separated by fibrous septa and glandular fragments bordering mucin spaces.
156,H&E morphology of colorectal mucinous adenocarcinoma may include coalescent mucin pools with epithelial islands and malignant epithelial clusters suspended in mucin.
157,H&E morphology of colorectal mucinous adenocarcinoma may include mucin pools adjacent to collagen bundles and pale extracellular mucin between tumor cells.
158,H&E morphology of colorectal mucinous adenocarcinoma may include mixed mucinous and gland-forming regions and variable inflammatory cells around mucin pools.
159,H&E morphology of colorectal mucinous adenocarcinoma may include mucinous tumor extending between tissue compartments and sparse tumor clusters in abundant extracellular mucin.
160,H&E morphology of colorectal mucinous adenocarcinoma may include extracellular mucin around atypical epithelial strips and variable nuclear stratification in tumor epithelium.
161,H&E morphology of colorectal mucinous adenocarcinoma may include malignant epithelial clusters suspended in mucin and glandular fragments bordering mucin spaces.
162,H&E morphology of colorectal mucinous adenocarcinoma may include mucin-containing malignant cells and scattered cellular debris within mucin.
163,H&E morphology of colorectal mucinous adenocarcinoma may include broad extracellular mucin pools containing tumor and extracellular mucin around atypical epithelial strips.
164,H&E morphology of colorectal mucinous adenocarcinoma may include variable cellularity across mucin-filled regions and mixed mucinous and gland-forming regions.
165,H&E morphology of colorectal mucinous adenocarcinoma may include epithelial groups along fibrous septa and isolated atypical cells in extracellular mucin.
166,H&E morphology of colorectal mucinous adenocarcinoma may include hyperchromatic nuclei in floating tumor clusters and mucin-containing malignant cells.
167,H&E morphology of colorectal mucinous adenocarcinoma may include broad extracellular mucin pools containing tumor and coalescent mucin pools with epithelial islands.
168,H&E morphology of colorectal mucinous adenocarcinoma may include broad extracellular mucin pools containing tumor and sparse tumor clusters in abundant extracellular mucin.
169,H&E morphology of colorectal mucinous adenocarcinoma may include coalescent mucin pools with epithelial islands and pale extracellular mucin between tumor cells.
170,H&E morphology of colorectal mucinous adenocarcinoma may include glandular fragments bordering mucin spaces and variation in nuclear size among tumor cells.
171,H&E morphology of colorectal mucinous adenocarcinoma may include pale extracellular mucin between tumor cells and isolated atypical cells in extracellular mucin.
172,H&E morphology of colorectal mucinous adenocarcinoma may include glandular tumor bordering extracellular mucin and variable inflammatory cells around mucin pools.
173,H&E morphology of colorectal mucinous adenocarcinoma may include malignant epithelial clusters suspended in mucin and variable nuclear stratification in tumor epithelium.
174,H&E morphology of colorectal mucinous adenocarcinoma may include mucinous areas interrupting native bowel architecture and epithelial groups along fibrous septa.
175,H&E morphology of colorectal mucinous adenocarcinoma may include sparse tumor clusters in abundant extracellular mucin and isolated atypical cells in extracellular mucin.
176,H&E morphology of colorectal mucinous adenocarcinoma may include epithelial clusters dispersed through mucinous areas and mucinous tumor extending between tissue compartments.
177,H&E morphology of colorectal mucinous adenocarcinoma may include mucinous areas interrupting native bowel architecture and isolated atypical cells in extracellular mucin.
178,H&E morphology of colorectal mucinous adenocarcinoma may include glandular tumor bordering extracellular mucin and malignant epithelial clusters suspended in mucin.
179,H&E morphology of colorectal mucinous adenocarcinoma may include broad extracellular mucin pools containing tumor and pale mucin lakes separated by fibrous septa.
180,H&E morphology of colorectal mucinous adenocarcinoma may include fibroblasts at mucinous tumor boundaries and dense epithelial areas beside sparsely cellular mucin.
181,H&E morphology of colorectal mucinous adenocarcinoma may include mucin pools adjacent to collagen bundles and dense epithelial areas beside sparsely cellular mucin.
182,H&E morphology of colorectal mucinous adenocarcinoma may include variable cellularity across mucin-filled regions and variable inflammatory cells around mucin pools.
183,H&E morphology of colorectal mucinous adenocarcinoma may include sparse tumor clusters in abundant extracellular mucin and mucin-containing malignant cells.
184,H&E morphology of colorectal mucinous adenocarcinoma may include malignant epithelial clusters suspended in mucin and epithelial groups along fibrous septa.
185,H&E morphology of colorectal mucinous adenocarcinoma may include variable cellularity across mucin-filled regions and pale extracellular mucin between tumor cells.
186,H&E morphology of colorectal mucinous adenocarcinoma may include pale mucin lakes separated by fibrous septa and fibroblasts at mucinous tumor boundaries.
187,H&E morphology of colorectal mucinous adenocarcinoma may include mucin pools adjacent to collagen bundles and variable inflammatory cells around mucin pools.
188,H&E morphology of colorectal mucinous adenocarcinoma may include variable nuclear stratification in tumor epithelium and mucin pools adjacent to collagen bundles.
189,H&E morphology of colorectal mucinous adenocarcinoma may include epithelial clusters dispersed through mucinous areas and mixed mucinous and gland-forming regions.
190,H&E morphology of colorectal mucinous adenocarcinoma may include pale extracellular mucin between tumor cells and dense epithelial areas beside sparsely cellular mucin.
191,H&E morphology of colorectal mucinous adenocarcinoma may include mucinous areas interrupting native bowel architecture and extracellular mucin around atypical epithelial strips.
192,H&E morphology of colorectal mucinous adenocarcinoma may include mucinous areas interrupting native bowel architecture and hyperchromatic nuclei in floating tumor clusters.
193,H&E morphology of colorectal mucinous adenocarcinoma may include mucin-containing malignant cells and mucin pools adjacent to collagen bundles.
194,H&E morphology of colorectal mucinous adenocarcinoma may include epithelial clusters dispersed through mucinous areas and malignant epithelial clusters suspended in mucin.
195,H&E morphology of colorectal mucinous adenocarcinoma may include mixed mucinous and gland-forming regions and sparse tumor clusters in abundant extracellular mucin.
196,H&E morphology of colorectal mucinous adenocarcinoma may include pale mucin lakes separated by fibrous septa and mixed mucinous and gland-forming regions.
197,H&E morphology of colorectal mucinous adenocarcinoma may include sparse tumor clusters in abundant extracellular mucin and variable inflammatory cells around mucin pools.
198,H&E morphology of colorectal mucinous adenocarcinoma may include variable cellularity across mucin-filled regions and scattered cellular debris within mucin.
199,H&E morphology of colorectal mucinous adenocarcinoma may include mucinous areas interrupting native bowel architecture and small lumina within floating epithelial groups.
200,H&E morphology of colorectal mucinous adenocarcinoma may include extracellular mucin around atypical epithelial strips and pale extracellular mucin between tumor cells.
201,H&E morphology of colorectal mucinous adenocarcinoma may include mucinous tumor extending between tissue compartments and mixed mucinous and gland-forming regions.
202,H&E morphology of colorectal mucinous adenocarcinoma may include mucinous tumor extending between tissue compartments and mucinous areas interrupting native bowel architecture.
203,H&E morphology of colorectal mucinous adenocarcinoma may include pale mucin lakes separated by fibrous septa and epithelial groups along fibrous septa.
204,H&E morphology of colorectal mucinous adenocarcinoma may include sparse tumor clusters in abundant extracellular mucin and pale extracellular mucin between tumor cells.
205,H&E morphology of colorectal mucinous adenocarcinoma may include epithelial clusters dispersed through mucinous areas and mucinous areas interrupting native bowel architecture.
206,H&E morphology of colorectal mucinous adenocarcinoma may include glandular fragments bordering mucin spaces and mucin-containing malignant cells.
207,H&E morphology of colorectal mucinous adenocarcinoma may include malignant epithelial clusters suspended in mucin and variation in nuclear size among tumor cells.
208,H&E morphology of colorectal mucinous adenocarcinoma may include glandular tumor bordering extracellular mucin and sparse tumor clusters in abundant extracellular mucin.
209,H&E morphology of colorectal mucinous adenocarcinoma may include variable nuclear stratification in tumor epithelium and mucin-containing malignant cells.
210,H&E morphology of colorectal mucinous adenocarcinoma may include pale mucin lakes separated by fibrous septa and hyperchromatic nuclei in floating tumor clusters.
211,H&E morphology of colorectal mucinous adenocarcinoma may include glandular tumor bordering extracellular mucin and small lumina within floating epithelial groups.
212,H&E morphology of colorectal mucinous adenocarcinoma may include pale mucin lakes separated by fibrous septa and sparse tumor clusters in abundant extracellular mucin.
213,H&E morphology of colorectal mucinous adenocarcinoma may include mixed mucinous and gland-forming regions and glandular fragments bordering mucin spaces.
214,H&E morphology of colorectal mucinous adenocarcinoma may include pale mucin lakes separated by fibrous septa and small lumina within floating epithelial groups.
215,H&E morphology of colorectal mucinous adenocarcinoma may include mucin-containing malignant cells and isolated atypical cells in extracellular mucin.
216,H&E morphology of colorectal mucinous adenocarcinoma may include sparse tumor clusters in abundant extracellular mucin and glandular fragments bordering mucin spaces.
217,H&E morphology of colorectal mucinous adenocarcinoma may include mucinous tumor extending between tissue compartments and mucin-containing malignant cells.
218,H&E morphology of colorectal mucinous adenocarcinoma may include glandular tumor bordering extracellular mucin and isolated atypical cells in extracellular mucin.
219,H&E morphology of colorectal mucinous adenocarcinoma may include mucin pools adjacent to collagen bundles and variation in nuclear size among tumor cells.
220,H&E morphology of colorectal mucinous adenocarcinoma may include epithelial clusters dispersed through mucinous areas and scattered cellular debris within mucin.
221,H&E morphology of colorectal mucinous adenocarcinoma may include mixed mucinous and gland-forming regions and fibroblasts at mucinous tumor boundaries.
222,H&E morphology of colorectal mucinous adenocarcinoma may include glandular tumor bordering extracellular mucin and hyperchromatic nuclei in floating tumor clusters.
223,H&E morphology of colorectal mucinous adenocarcinoma may include epithelial clusters dispersed through mucinous areas and hyperchromatic nuclei in floating tumor clusters.
224,H&E morphology of colorectal mucinous adenocarcinoma may include hyperchromatic nuclei in floating tumor clusters and dense epithelial areas beside sparsely cellular mucin.
225,H&E morphology of colorectal mucinous adenocarcinoma may include variable cellularity across mucin-filled regions and mucin pools adjacent to collagen bundles.
226,H&E morphology of colorectal mucinous adenocarcinoma may include epithelial groups along fibrous septa and dense epithelial areas beside sparsely cellular mucin.
227,H&E morphology of colorectal mucinous adenocarcinoma may include variable inflammatory cells around mucin pools and isolated atypical cells in extracellular mucin.
228,H&E morphology of colorectal mucinous adenocarcinoma may include mixed mucinous and gland-forming regions and extracellular mucin around atypical epithelial strips.
229,H&E morphology of colorectal mucinous adenocarcinoma may include broad extracellular mucin pools containing tumor and variable cellularity across mucin-filled regions.
230,H&E morphology of colorectal mucinous adenocarcinoma may include variable cellularity across mucin-filled regions and extracellular mucin around atypical epithelial strips.
231,H&E morphology of colorectal mucinous adenocarcinoma may include epithelial clusters dispersed through mucinous areas and coalescent mucin pools with epithelial islands.
232,H&E morphology of colorectal mucinous adenocarcinoma may include broad extracellular mucin pools containing tumor and glandular tumor bordering extracellular mucin.
233,H&E morphology of colorectal mucinous adenocarcinoma may include variation in nuclear size among tumor cells and dense epithelial areas beside sparsely cellular mucin.
234,H&E morphology of colorectal mucinous adenocarcinoma may include broad extracellular mucin pools containing tumor and variable nuclear stratification in tumor epithelium.
235,H&E morphology of colorectal mucinous adenocarcinoma may include variable cellularity across mucin-filled regions and glandular fragments bordering mucin spaces.
236,H&E morphology of colorectal mucinous adenocarcinoma may include mucinous areas interrupting native bowel architecture and variable inflammatory cells around mucin pools.
237,H&E morphology of colorectal mucinous adenocarcinoma may include scattered cellular debris within mucin and dense epithelial areas beside sparsely cellular mucin.
238,H&E morphology of colorectal mucinous adenocarcinoma may include glandular fragments bordering mucin spaces and scattered cellular debris within mucin.
239,H&E morphology of colorectal mucinous adenocarcinoma may include extracellular mucin around atypical epithelial strips and epithelial groups along fibrous septa.
240,H&E morphology of colorectal mucinous adenocarcinoma may include broad extracellular mucin pools containing tumor and glandular fragments bordering mucin spaces.
241,H&E morphology of colorectal mucinous adenocarcinoma may include mucinous areas interrupting native bowel architecture and sparse tumor clusters in abundant extracellular mucin.
242,H&E morphology of colorectal mucinous adenocarcinoma may include mucinous areas interrupting native bowel architecture and scattered cellular debris within mucin.
243,H&E morphology of colorectal mucinous adenocarcinoma may include malignant epithelial clusters suspended in mucin and extracellular mucin around atypical epithelial strips.
244,H&E morphology of colorectal mucinous adenocarcinoma may include variable nuclear stratification in tumor epithelium and fibroblasts at mucinous tumor boundaries.
245,H&E morphology of colorectal mucinous adenocarcinoma may include sparse tumor clusters in abundant extracellular mucin and hyperchromatic nuclei in floating tumor clusters.
246,H&E morphology of colorectal mucinous adenocarcinoma may include scattered cellular debris within mucin and variation in nuclear size among tumor cells.
247,H&E morphology of colorectal mucinous adenocarcinoma may include sparse tumor clusters in abundant extracellular mucin and small lumina within floating epithelial groups.
248,H&E morphology of colorectal mucinous adenocarcinoma may include scattered cellular debris within mucin and isolated atypical cells in extracellular mucin.
249,H&E morphology of colorectal mucinous adenocarcinoma may include glandular fragments bordering mucin spaces and variable nuclear stratification in tumor epithelium.
250,H&E morphology of colorectal mucinous adenocarcinoma may include variable nuclear stratification in tumor epithelium and pale extracellular mucin between tumor cells.
251,H&E morphology of colorectal mucinous adenocarcinoma may include pale mucin lakes separated by fibrous septa and coalescent mucin pools with epithelial islands.
252,H&E morphology of colorectal mucinous adenocarcinoma may include mucinous tumor extending between tissue compartments and dense epithelial areas beside sparsely cellular mucin.
253,H&E morphology of colorectal mucinous adenocarcinoma may include hyperchromatic nuclei in floating tumor clusters and variable inflammatory cells around mucin pools.
254,H&E morphology of colorectal mucinous adenocarcinoma may include hyperchromatic nuclei in floating tumor clusters and small lumina within floating epithelial groups.
255,H&E morphology of colorectal mucinous adenocarcinoma may include sparse tumor clusters in abundant extracellular mucin and variable nuclear stratification in tumor epithelium.
256,H&E morphology of colorectal mucinous adenocarcinoma may include extracellular mucin around atypical epithelial strips and variation in nuclear size among tumor cells.
257,H&E morphology of colorectal mucinous adenocarcinoma may include hyperchromatic nuclei in floating tumor clusters and isolated atypical cells in extracellular mucin.
258,H&E morphology of colorectal mucinous adenocarcinoma may include mucinous tumor extending between tissue compartments and variation in nuclear size among tumor cells.
259,H&E morphology of colorectal mucinous adenocarcinoma may include malignant epithelial clusters suspended in mucin and pale extracellular mucin between tumor cells.
260,H&E morphology of colorectal mucinous adenocarcinoma may include mucinous areas interrupting native bowel architecture and mucin-containing malignant cells.
261,H&E morphology of colorectal mucinous adenocarcinoma may include epithelial clusters dispersed through mucinous areas and variation in nuclear size among tumor cells.
262,H&E morphology of colorectal mucinous adenocarcinoma may include glandular tumor bordering extracellular mucin and epithelial groups along fibrous septa.
263,H&E morphology of colorectal mucinous adenocarcinoma may include variable cellularity across mucin-filled regions and malignant epithelial clusters suspended in mucin.
264,H&E morphology of colorectal mucinous adenocarcinoma may include glandular fragments bordering mucin spaces and dense epithelial areas beside sparsely cellular mucin.
265,H&E morphology of colorectal mucinous adenocarcinoma may include mucinous areas interrupting native bowel architecture and glandular fragments bordering mucin spaces.
266,H&E morphology of colorectal mucinous adenocarcinoma may include coalescent mucin pools with epithelial islands and small lumina within floating epithelial groups.
267,H&E morphology of colorectal mucinous adenocarcinoma may include scattered cellular debris within mucin and variable inflammatory cells around mucin pools.
268,H&E morphology of colorectal mucinous adenocarcinoma may include epithelial groups along fibrous septa and variation in nuclear size among tumor cells.
269,H&E morphology of colorectal mucinous adenocarcinoma may include small lumina within floating epithelial groups and dense epithelial areas beside sparsely cellular mucin.
270,H&E morphology of colorectal mucinous adenocarcinoma may include mixed mucinous and gland-forming regions and variable nuclear stratification in tumor epithelium.
271,H&E morphology of colorectal mucinous adenocarcinoma may include broad extracellular mucin pools containing tumor and dense epithelial areas beside sparsely cellular mucin.
272,H&E morphology of colorectal mucinous adenocarcinoma may include hyperchromatic nuclei in floating tumor clusters and fibroblasts at mucinous tumor boundaries.
273,H&E morphology of colorectal mucinous adenocarcinoma may include epithelial clusters dispersed through mucinous areas and pale extracellular mucin between tumor cells.
274,H&E morphology of colorectal mucinous adenocarcinoma may include variable nuclear stratification in tumor epithelium and variation in nuclear size among tumor cells.
275,H&E morphology of colorectal mucinous adenocarcinoma may include malignant epithelial clusters suspended in mucin and variable inflammatory cells around mucin pools.
276,H&E morphology of colorectal mucinous adenocarcinoma may include variable cellularity across mucin-filled regions and small lumina within floating epithelial groups.
277,H&E morphology of colorectal mucinous adenocarcinoma may include broad extracellular mucin pools containing tumor and small lumina within floating epithelial groups.
278,H&E morphology of colorectal mucinous adenocarcinoma may include sparse tumor clusters in abundant extracellular mucin and malignant epithelial clusters suspended in mucin.
279,H&E morphology of colorectal mucinous adenocarcinoma may include glandular tumor bordering extracellular mucin and dense epithelial areas beside sparsely cellular mucin.
280,H&E morphology of colorectal mucinous adenocarcinoma may include broad extracellular mucin pools containing tumor and variable inflammatory cells around mucin pools.
281,H&E morphology of colorectal mucinous adenocarcinoma may include mucin pools adjacent to collagen bundles and isolated atypical cells in extracellular mucin.
282,H&E morphology of colorectal mucinous adenocarcinoma may include epithelial clusters dispersed through mucinous areas and isolated atypical cells in extracellular mucin.
283,H&E morphology of colorectal mucinous adenocarcinoma may include variable inflammatory cells around mucin pools and variation in nuclear size among tumor cells.
284,H&E morphology of colorectal mucinous adenocarcinoma may include mucin pools adjacent to collagen bundles and scattered cellular debris within mucin.
285,H&E morphology of colorectal mucinous adenocarcinoma may include epithelial clusters dispersed through mucinous areas and glandular tumor bordering extracellular mucin.
286,H&E morphology of colorectal mucinous adenocarcinoma may include hyperchromatic nuclei in floating tumor clusters and variable nuclear stratification in tumor epithelium.
287,H&E morphology of colorectal mucinous adenocarcinoma may include coalescent mucin pools with epithelial islands and dense epithelial areas beside sparsely cellular mucin.
288,H&E morphology of colorectal mucinous adenocarcinoma may include glandular fragments bordering mucin spaces and pale extracellular mucin between tumor cells.
289,H&E morphology of colorectal mucinous adenocarcinoma may include mucinous areas interrupting native bowel architecture and mucin pools adjacent to collagen bundles.
290,H&E morphology of colorectal mucinous adenocarcinoma may include glandular tumor bordering extracellular mucin and mucin-containing malignant cells.
291,H&E morphology of colorectal mucinous adenocarcinoma may include variable nuclear stratification in tumor epithelium and isolated atypical cells in extracellular mucin.
292,H&E morphology of colorectal mucinous adenocarcinoma may include coalescent mucin pools with epithelial islands and fibroblasts at mucinous tumor boundaries.
293,H&E morphology of colorectal mucinous adenocarcinoma may include mixed mucinous and gland-forming regions and dense epithelial areas beside sparsely cellular mucin.
294,H&E morphology of colorectal mucinous adenocarcinoma may include variable cellularity across mucin-filled regions and isolated atypical cells in extracellular mucin.
295,H&E morphology of colorectal mucinous adenocarcinoma may include extracellular mucin around atypical epithelial strips and dense epithelial areas beside sparsely cellular mucin.
296,H&E morphology of colorectal mucinous adenocarcinoma may include variable cellularity across mucin-filled regions and dense epithelial areas beside sparsely cellular mucin.
297,H&E morphology of colorectal mucinous adenocarcinoma may include pale mucin lakes separated by fibrous septa and variable inflammatory cells around mucin pools.
298,H&E morphology of colorectal mucinous adenocarcinoma may include pale mucin lakes separated by fibrous septa and extracellular mucin around atypical epithelial strips.
299,H&E morphology of colorectal mucinous adenocarcinoma may include epithelial clusters dispersed through mucinous areas and mucin pools adjacent to collagen bundles.
