cohort,panel,feature_name,positive_class,mean_standardized_coefficient,fold_sd_coefficient,positive_coefficient_folds,negative_coefficient_folds,folds
blca,shared_core62_v1,RELATIVE_AREA_VALID_TISSUE,PAPILLARY,0.06266325326470969,0.08790846656424264,4,1,5
blca,shared_core62_v1,RELATIVE_AREA_CARCINOMA,PAPILLARY,0.04045634833490655,0.09929844457016869,4,1,5
blca,shared_core62_v1,RELATIVE_AREA_STROMA,PAPILLARY,0.02797472530855975,0.05421164660529985,2,3,5
blca,shared_core62_v1,RELATIVE_AREA_NECROSIS,PAPILLARY,-0.16540944550869494,0.38877451835457266,3,2,5
blca,shared_core62_v1,RELATIVE_AREA_EPITHELIAL_TISSUE,PAPILLARY,-0.05549311672302444,0.16799296947423784,2,3,5
blca,shared_core62_v1,RELATIVE_AREA_VESSEL,PAPILLARY,0.043078030998847466,0.05479572362244043,5,0,5
blca,shared_core62_v1,RELATIVE_AREA_TUMOR_CORE,PAPILLARY,0.019471944718596652,0.0514723663921814,4,1,5
blca,shared_core62_v1,RELATIVE_AREA_INNER_INVASIVE_MARGIN,PAPILLARY,-0.06703363300253763,0.17728409344282212,3,2,5
blca,shared_core62_v1,RELATIVE_AREA_OUTER_INVASIVE_MARGIN,PAPILLARY,0.36876202918025713,0.7025245993655173,4,1,5
blca,shared_core62_v1,RELATIVE_AREA_CARCINOMA_IN_TUMOR_CORE,PAPILLARY,0.12889214898155413,0.2795235743341944,4,1,5
blca,shared_core62_v1,RELATIVE_AREA_STROMA_IN_TUMOR_CORE,PAPILLARY,0.008152535940568684,0.052033172058648845,3,2,5
blca,shared_core62_v1,RELATIVE_AREA_NECROSIS_IN_TUMOR_CORE,PAPILLARY,0.16684962411273976,0.29074250810937047,5,0,5
blca,shared_core62_v1,RELATIVE_AREA_STROMA_IN_INNER_INVASIVE_MARGIN,PAPILLARY,0.03892624945409031,0.0630451724515383,3,2,5
blca,shared_core62_v1,RELATIVE_AREA_CARCINOMA_IN_INNER_INVASIVE_MARGIN,PAPILLARY,0.04405776994471104,0.08423049221898427,4,1,5
blca,shared_core62_v1,CELL_PERCENTAGE_CARCINOMA_CELL_IN_TUMOR_CORE,PAPILLARY,0.04053494605018262,0.040280221238161634,5,0,5
blca,shared_core62_v1,CELL_DENSITY_CARCINOMA_CELL_IN_TUMOR_CORE,PAPILLARY,-0.11952491448054839,0.3143648638611664,4,1,5
blca,shared_core62_v1,CELL_PERCENTAGE_LYMPHOCYTE_IN_TUMOR_CORE,PAPILLARY,-0.0031424194922011783,0.014244435770011723,1,4,5
blca,shared_core62_v1,CELL_DENSITY_LYMPHOCYTE_IN_TUMOR_CORE,PAPILLARY,-0.21393034391536406,0.4199934075168681,0,5,5
blca,shared_core62_v1,CELL_PERCENTAGE_MACROPHAGE_IN_TUMOR_CORE,PAPILLARY,0.1728439868534877,0.35424601765934893,3,2,5
blca,shared_core62_v1,CELL_DENSITY_MACROPHAGE_IN_TUMOR_CORE,PAPILLARY,-0.3375641452454564,0.7582326912543376,1,4,5
blca,shared_core62_v1,CELL_PERCENTAGE_GRANULOCYTE_IN_TUMOR_CORE,PAPILLARY,0.42196071286822523,0.9299816350316743,2,3,5
blca,shared_core62_v1,CELL_DENSITY_GRANULOCYTE_IN_TUMOR_CORE,PAPILLARY,-0.00029325180793473085,0.009583256297288864,1,4,5
blca,shared_core62_v1,CELL_PERCENTAGE_PLASMA_CELL_IN_TUMOR_CORE,PAPILLARY,-0.08251665754872617,0.20863549154994612,2,3,5
blca,shared_core62_v1,CELL_DENSITY_PLASMA_CELL_IN_TUMOR_CORE,PAPILLARY,-0.28645014843729355,0.6087306116693691,0,5,5
blca,shared_core62_v1,CELL_PERCENTAGE_FIBROBLAST_IN_TUMOR_CORE,PAPILLARY,0.08929880776743919,0.24954402132215467,2,3,5
blca,shared_core62_v1,CELL_DENSITY_FIBROBLAST_IN_TUMOR_CORE,PAPILLARY,-0.08798066532510818,0.24299403082313817,2,3,5
blca,shared_core62_v1,CELL_PERCENTAGE_ENDOTHELIAL_CELL_IN_TUMOR_CORE,PAPILLARY,0.14872317815752717,0.36076584305965803,4,1,5
blca,shared_core62_v1,CELL_DENSITY_ENDOTHELIAL_CELL_IN_TUMOR_CORE,PAPILLARY,0.2537660906967455,0.5573877395427291,4,1,5
blca,shared_core62_v1,CELL_PERCENTAGE_CARCINOMA_CELL_IN_INNER_INVASIVE_MARGIN,PAPILLARY,0.11737306291096443,0.14907390740355192,5,0,5
blca,shared_core62_v1,CELL_DENSITY_CARCINOMA_CELL_IN_INNER_INVASIVE_MARGIN,PAPILLARY,0.16169263663741773,0.3200327367153786,5,0,5
blca,shared_core62_v1,CELL_PERCENTAGE_LYMPHOCYTE_IN_INNER_INVASIVE_MARGIN,PAPILLARY,-0.06427330681026946,0.11080236382210952,0,5,5
blca,shared_core62_v1,CELL_DENSITY_LYMPHOCYTE_IN_INNER_INVASIVE_MARGIN,PAPILLARY,0.1141393022970562,0.34853086827089297,1,4,5
blca,shared_core62_v1,CELL_PERCENTAGE_MACROPHAGE_IN_INNER_INVASIVE_MARGIN,PAPILLARY,0.03869123308687276,0.125158565219691,1,4,5
blca,shared_core62_v1,CELL_DENSITY_MACROPHAGE_IN_INNER_INVASIVE_MARGIN,PAPILLARY,-0.24751587398053493,0.49560592198326053,0,5,5
blca,shared_core62_v1,CELL_PERCENTAGE_GRANULOCYTE_IN_INNER_INVASIVE_MARGIN,PAPILLARY,0.08413690270970421,0.20537302443935931,1,4,5
blca,shared_core62_v1,CELL_DENSITY_GRANULOCYTE_IN_INNER_INVASIVE_MARGIN,PAPILLARY,-0.0820835590325888,0.10421249282382203,0,5,5
blca,shared_core62_v1,CELL_PERCENTAGE_PLASMA_CELL_IN_INNER_INVASIVE_MARGIN,PAPILLARY,0.11695690447137645,0.2908752175837913,2,3,5
blca,shared_core62_v1,CELL_DENSITY_PLASMA_CELL_IN_INNER_INVASIVE_MARGIN,PAPILLARY,0.2830852090848141,0.70598049408954,1,4,5
blca,shared_core62_v1,CELL_PERCENTAGE_FIBROBLAST_IN_INNER_INVASIVE_MARGIN,PAPILLARY,0.02356330063634855,0.1109972829057367,1,4,5
blca,shared_core62_v1,CELL_DENSITY_FIBROBLAST_IN_INNER_INVASIVE_MARGIN,PAPILLARY,0.22789491071649878,0.5411472956084725,1,4,5
blca,shared_core62_v1,CELL_PERCENTAGE_ENDOTHELIAL_CELL_IN_INNER_INVASIVE_MARGIN,PAPILLARY,-0.14413992708185439,0.36229095595433647,4,1,5
blca,shared_core62_v1,CELL_DENSITY_ENDOTHELIAL_CELL_IN_INNER_INVASIVE_MARGIN,PAPILLARY,0.14353626837703784,0.3007741933948922,5,0,5
blca,shared_core62_v1,RATIO_OF_LYMPHOCYTES_AROUND_CARCINOMA_CELL_IN_WHOLE_TUMOR_REGION_20,PAPILLARY,0.0010599542851075603,0.02574645490529862,1,4,5
blca,shared_core62_v1,AVG_MIN_DISTANCE_OF_LYMPHOCYTES_AROUND_CARCINOMA_CELL_IN_WHOLE_TUMOR_REGION_20,PAPILLARY,0.14167323449006958,0.29029730086159566,4,1,5
blca,shared_core62_v1,RATIO_OF_LYMPHOCYTES_AROUND_CARCINOMA_CELL_IN_WHOLE_TUMOR_REGION_40,PAPILLARY,-0.045895122567376025,0.0939746838233627,1,4,5
blca,shared_core62_v1,AVG_MIN_DISTANCE_OF_LYMPHOCYTES_AROUND_CARCINOMA_CELL_IN_WHOLE_TUMOR_REGION_40,PAPILLARY,0.12572051294453243,0.2201065288332953,4,1,5
blca,shared_core62_v1,RATIO_OF_MACROPHAGES_AROUND_CARCINOMA_CELL_IN_WHOLE_TUMOR_REGION_20,PAPILLARY,0.16391354878820957,0.3750998688137956,2,3,5
blca,shared_core62_v1,AVG_MIN_DISTANCE_OF_MACROPHAGES_AROUND_CARCINOMA_CELL_IN_WHOLE_TUMOR_REGION_20,PAPILLARY,-0.04843725049179626,0.14210506650201962,3,2,5
blca,shared_core62_v1,RATIO_OF_MACROPHAGES_AROUND_CARCINOMA_CELL_IN_WHOLE_TUMOR_REGION_40,PAPILLARY,0.2578917366174487,0.5588540987213357,2,3,5
blca,shared_core62_v1,AVG_MIN_DISTANCE_OF_MACROPHAGES_AROUND_CARCINOMA_CELL_IN_WHOLE_TUMOR_REGION_40,PAPILLARY,0.18266364606225194,0.36700787196963147,4,1,5
blca,shared_core62_v1,RATIO_OF_FIBROBLASTS_AROUND_CARCINOMA_CELL_IN_WHOLE_TUMOR_REGION_20,PAPILLARY,0.01155928657178568,0.023142886474046036,2,3,5
blca,shared_core62_v1,AVG_MIN_DISTANCE_OF_FIBROBLASTS_AROUND_CARCINOMA_CELL_IN_WHOLE_TUMOR_REGION_20,PAPILLARY,-0.3179216283703893,0.6546016655329364,1,4,5
blca,shared_core62_v1,RATIO_OF_FIBROBLASTS_AROUND_CARCINOMA_CELL_IN_WHOLE_TUMOR_REGION_40,PAPILLARY,0.003453575226307891,0.020249368909318555,2,3,5
blca,shared_core62_v1,AVG_MIN_DISTANCE_OF_FIBROBLASTS_AROUND_CARCINOMA_CELL_IN_WHOLE_TUMOR_REGION_40,PAPILLARY,0.21812315126689263,0.5354812682007487,2,3,5
blca,shared_core62_v1,RATIO_OF_PLASMA_CELLS_AROUND_CARCINOMA_CELL_IN_WHOLE_TUMOR_REGION_20,PAPILLARY,0.0800576564786957,0.24106925624871817,1,4,5
blca,shared_core62_v1,AVG_MIN_DISTANCE_OF_PLASMA_CELLS_AROUND_CARCINOMA_CELL_IN_WHOLE_TUMOR_REGION_20,PAPILLARY,0.20256318705957854,0.4396116944809763,3,2,5
blca,shared_core62_v1,RATIO_OF_PLASMA_CELLS_AROUND_CARCINOMA_CELL_IN_WHOLE_TUMOR_REGION_40,PAPILLARY,0.17822738812402877,0.4269724241735681,1,4,5
blca,shared_core62_v1,AVG_MIN_DISTANCE_OF_PLASMA_CELLS_AROUND_CARCINOMA_CELL_IN_WHOLE_TUMOR_REGION_40,PAPILLARY,0.11381536425449594,0.1952079770237779,5,0,5
blca,shared_core62_v1,TLS_IMMATURE_PRESENT,PAPILLARY,-0.07255259869980105,0.3945327888926073,2,3,5
blca,shared_core62_v1,TLS_MATURE_PRESENT,PAPILLARY,-0.012255557646379108,0.021386397426720202,1,4,5
blca,shared_core62_v1,LOG1P_COUNT_TLS_IMMATURE,PAPILLARY,-0.10971539732257166,0.327037666160232,1,4,5
blca,shared_core62_v1,LOG1P_COUNT_TLS_MATURE,PAPILLARY,0.12352371730979098,0.3860260279944225,1,4,5
brca,brca_morph64_v1,RELATIVE_AREA_CARCINOMA,ILC,-0.03892356893416321,0.03916492829345079,0,5,5
brca,brca_morph64_v1,RELATIVE_AREA_STROMA,ILC,-0.012290682766254462,0.02944932761108317,2,3,5
brca,brca_morph64_v1,RELATIVE_AREA_EPITHELIAL_TISSUE,ILC,0.02193312697461619,0.040909425903095424,4,1,5
brca,brca_morph64_v1,RELATIVE_AREA_NECROSIS,ILC,-0.04391795235776623,0.06762337396182073,0,5,5
brca,brca_morph64_v1,RELATIVE_AREA_VESSEL,ILC,0.024954899896298954,0.04884067053803682,3,2,5
brca,brca_morph64_v1,AVG_ECCENTRICITY_CARCINOMA,ILC,-0.0022068158256673453,0.09377545809092976,2,3,5
brca,brca_morph64_v1,AVG_SOLIDICITY_CARCINOMA,ILC,-0.016196044033392414,0.09016761214452768,2,3,5
brca,brca_morph64_v1,LARGEST_ROUNDNESS_CARCINOMA,ILC,-0.021126891691295696,0.04966019206953644,2,3,5
brca,brca_morph64_v1,REGIONS_PER_MM2_VALID_TISSUE_CARCINOMA,ILC,0.025535176265710162,0.03181431830255318,5,0,5
brca,brca_morph64_v1,AVG_ECCENTRICITY_STROMA,ILC,-0.036062015874170454,0.06499526521579907,1,4,5
brca,brca_morph64_v1,AVG_SOLIDICITY_STROMA,ILC,0.007377767877497228,0.0980447408306945,4,1,5
brca,brca_morph64_v1,LARGEST_ROUNDNESS_STROMA,ILC,0.02597764320779653,0.049888399500290476,4,1,5
brca,brca_morph64_v1,REGIONS_PER_MM2_VALID_TISSUE_STROMA,ILC,0.052886934204382695,0.08002770213454359,5,0,5
brca,brca_morph64_v1,RELATIVE_AREA_TUMOR_CORE,ILC,-0.04204553801116918,0.09399844875248915,1,4,5
brca,brca_morph64_v1,RELATIVE_AREA_INNER_INVASIVE_MARGIN,ILC,0.00777665573717469,0.060290508485849104,3,2,5
brca,brca_morph64_v1,RELATIVE_AREA_OUTER_INVASIVE_MARGIN,ILC,0.07634317682300035,0.11496427407965974,4,1,5
brca,brca_morph64_v1,RELATIVE_AREA_CARCINOMA_IN_TUMOR_CORE,ILC,-0.02928650702415676,0.03591627265598576,1,4,5
brca,brca_morph64_v1,RELATIVE_AREA_STROMA_IN_TUMOR_CORE,ILC,-0.004467766577804101,0.04782510333195514,3,2,5
brca,brca_morph64_v1,RELATIVE_AREA_EPITHELIAL_TISSUE_IN_TUMOR_CORE,ILC,0.035170325472326174,0.0762766126693962,4,1,5
brca,brca_morph64_v1,RELATIVE_AREA_NECROSIS_IN_TUMOR_CORE,ILC,-0.03371992091910902,0.03171897041222132,0,5,5
brca,brca_morph64_v1,RELATIVE_AREA_CARCINOMA_IN_INNER_INVASIVE_MARGIN,ILC,-0.010344499496295356,0.024395305885176643,3,2,5
brca,brca_morph64_v1,RELATIVE_AREA_STROMA_IN_INNER_INVASIVE_MARGIN,ILC,0.013643143734339313,0.034574506423824675,4,1,5
brca,brca_morph64_v1,RELATIVE_AREA_EPITHELIAL_TISSUE_IN_INNER_INVASIVE_MARGIN,ILC,0.025823307164689602,0.0203100107962231,5,0,5
brca,brca_morph64_v1,RELATIVE_AREA_NECROSIS_IN_INNER_INVASIVE_MARGIN,ILC,-0.023195653471479775,0.028093002000859443,0,5,5
brca,brca_morph64_v1,CELL_PERCENTAGE_CARCINOMA_CELL_IN_TUMOR_CORE,ILC,-0.0204927237876502,0.04937995642307347,1,4,5
brca,brca_morph64_v1,CELL_DENSITY_CARCINOMA_CELL_IN_TUMOR_CORE,ILC,-0.036760139367148295,0.04080712257127588,0,5,5
brca,brca_morph64_v1,CELL_PERCENTAGE_LYMPHOCYTE_IN_TUMOR_CORE,ILC,0.028428730864041997,0.051818971977122895,3,2,5
brca,brca_morph64_v1,CELL_DENSITY_LYMPHOCYTE_IN_TUMOR_CORE,ILC,-0.006961091167146619,0.009652872462098613,1,4,5
brca,brca_morph64_v1,CELL_PERCENTAGE_MACROPHAGE_IN_TUMOR_CORE,ILC,-0.028909218867606085,0.029683593963178,0,5,5
brca,brca_morph64_v1,CELL_DENSITY_MACROPHAGE_IN_TUMOR_CORE,ILC,-0.07438629185525955,0.07869582745079318,0,5,5
brca,brca_morph64_v1,CELL_PERCENTAGE_GRANULOCYTE_IN_TUMOR_CORE,ILC,0.04577576535255283,0.11035147950441926,1,4,5
brca,brca_morph64_v1,CELL_DENSITY_GRANULOCYTE_IN_TUMOR_CORE,ILC,-0.013902546250411993,0.04633152759793102,1,4,5
brca,brca_morph64_v1,CELL_PERCENTAGE_PLASMA_CELL_IN_TUMOR_CORE,ILC,-0.019484085144461365,0.02398671985271304,0,5,5
brca,brca_morph64_v1,CELL_DENSITY_PLASMA_CELL_IN_TUMOR_CORE,ILC,-0.023579510204137944,0.03143925237580053,0,5,5
brca,brca_morph64_v1,CELL_PERCENTAGE_FIBROBLAST_IN_TUMOR_CORE,ILC,-0.010168860897838385,0.031588560798382646,2,3,5
brca,brca_morph64_v1,CELL_DENSITY_FIBROBLAST_IN_TUMOR_CORE,ILC,-0.05620025027904736,0.07005532791228829,0,5,5
brca,brca_morph64_v1,CELL_PERCENTAGE_ENDOTHELIAL_CELL_IN_TUMOR_CORE,ILC,0.038216098578765435,0.05176360763077475,5,0,5
brca,brca_morph64_v1,CELL_DENSITY_ENDOTHELIAL_CELL_IN_TUMOR_CORE,ILC,-0.009167666614797504,0.015004675699900992,1,4,5
brca,brca_morph64_v1,CELL_PERCENTAGE_CARCINOMA_CELL_IN_INNER_INVASIVE_MARGIN,ILC,-0.007968758019482295,0.017167636574645196,1,4,5
brca,brca_morph64_v1,CELL_DENSITY_CARCINOMA_CELL_IN_INNER_INVASIVE_MARGIN,ILC,-0.048693072092432024,0.07123003673492886,0,5,5
brca,brca_morph64_v1,CELL_PERCENTAGE_LYMPHOCYTE_IN_INNER_INVASIVE_MARGIN,ILC,-0.011772299357990842,0.0505376428766682,2,3,5
brca,brca_morph64_v1,CELL_DENSITY_LYMPHOCYTE_IN_INNER_INVASIVE_MARGIN,ILC,-0.03594456668953891,0.0417741786151212,1,4,5
brca,brca_morph64_v1,CELL_PERCENTAGE_MACROPHAGE_IN_INNER_INVASIVE_MARGIN,ILC,-0.05269064941912803,0.05415713157868775,0,5,5
brca,brca_morph64_v1,CELL_DENSITY_MACROPHAGE_IN_INNER_INVASIVE_MARGIN,ILC,-0.07976492005189093,0.08314953296615003,0,5,5
brca,brca_morph64_v1,CELL_PERCENTAGE_GRANULOCYTE_IN_INNER_INVASIVE_MARGIN,ILC,0.01898168956925716,0.05251236725083109,2,3,5
brca,brca_morph64_v1,CELL_DENSITY_GRANULOCYTE_IN_INNER_INVASIVE_MARGIN,ILC,-0.029268784875116954,0.03462347362017301,0,5,5
brca,brca_morph64_v1,CELL_PERCENTAGE_PLASMA_CELL_IN_INNER_INVASIVE_MARGIN,ILC,-0.009583414647813968,0.059838467427441824,1,4,5
brca,brca_morph64_v1,CELL_DENSITY_PLASMA_CELL_IN_INNER_INVASIVE_MARGIN,ILC,-0.018431628449204485,0.08128862232719802,2,3,5
brca,brca_morph64_v1,CELL_PERCENTAGE_FIBROBLAST_IN_INNER_INVASIVE_MARGIN,ILC,0.001153979473908055,0.024541937286453548,2,3,5
brca,brca_morph64_v1,CELL_DENSITY_FIBROBLAST_IN_INNER_INVASIVE_MARGIN,ILC,-0.030112228878185442,0.034539981581509595,0,5,5
brca,brca_morph64_v1,CELL_PERCENTAGE_ENDOTHELIAL_CELL_IN_INNER_INVASIVE_MARGIN,ILC,0.02160042186008842,0.019168069866151192,5,0,5
brca,brca_morph64_v1,CELL_DENSITY_ENDOTHELIAL_CELL_IN_INNER_INVASIVE_MARGIN,ILC,-0.0023089456034587363,0.006686030053292577,3,2,5
brca,brca_morph64_v1,RATIO_OF_FIBROBLASTS_AROUND_CARCINOMA_CELL_IN_WHOLE_TUMOR_REGION_20,ILC,-0.004872692602341452,0.06208505606402436,3,2,5
brca,brca_morph64_v1,AVG_MIN_DISTANCE_OF_FIBROBLASTS_AROUND_CARCINOMA_CELL_IN_WHOLE_TUMOR_REGION_20,ILC,-0.047743045581230735,0.04132234951510333,0,5,5
brca,brca_morph64_v1,RATIO_OF_FIBROBLASTS_AROUND_CARCINOMA_CELL_IN_WHOLE_TUMOR_REGION_40,ILC,-0.007576005663924873,0.06026541407481275,2,3,5
brca,brca_morph64_v1,AVG_MIN_DISTANCE_OF_FIBROBLASTS_AROUND_CARCINOMA_CELL_IN_WHOLE_TUMOR_REGION_40,ILC,0.010482376430529447,0.039888320997296986,2,3,5
brca,brca_morph64_v1,RATIO_OF_LYMPHOCYTES_AROUND_CARCINOMA_CELL_IN_WHOLE_TUMOR_REGION_20,ILC,0.04027088913245314,0.0621547352296348,4,1,5
brca,brca_morph64_v1,AVG_MIN_DISTANCE_OF_LYMPHOCYTES_AROUND_CARCINOMA_CELL_IN_WHOLE_TUMOR_REGION_20,ILC,-0.09614632513765999,0.11380115430515575,0,5,5
brca,brca_morph64_v1,RATIO_OF_LYMPHOCYTES_AROUND_CARCINOMA_CELL_IN_WHOLE_TUMOR_REGION_40,ILC,0.02161613837154966,0.058532352111158634,3,2,5
brca,brca_morph64_v1,AVG_MIN_DISTANCE_OF_LYMPHOCYTES_AROUND_CARCINOMA_CELL_IN_WHOLE_TUMOR_REGION_40,ILC,-0.07601540439447729,0.0869632954885657,0,5,5
brca,brca_morph64_v1,RATIO_OF_MACROPHAGES_AROUND_CARCINOMA_CELL_IN_WHOLE_TUMOR_REGION_20,ILC,-0.05481985775918115,0.07827222423638895,0,5,5
brca,brca_morph64_v1,AVG_MIN_DISTANCE_OF_MACROPHAGES_AROUND_CARCINOMA_CELL_IN_WHOLE_TUMOR_REGION_20,ILC,-0.07615365219807899,0.08189631131484673,0,5,5
brca,brca_morph64_v1,RATIO_OF_MACROPHAGES_AROUND_CARCINOMA_CELL_IN_WHOLE_TUMOR_REGION_40,ILC,-0.050295412308441145,0.07120666955455779,0,5,5
brca,brca_morph64_v1,AVG_MIN_DISTANCE_OF_MACROPHAGES_AROUND_CARCINOMA_CELL_IN_WHOLE_TUMOR_REGION_40,ILC,0.002420765474436795,0.011467047094235204,2,3,5
crc,shared_core62_v1,RELATIVE_AREA_VALID_TISSUE,MUCINOUS,-0.04190233007296254,0.08324973865562575,1,4,5
crc,shared_core62_v1,RELATIVE_AREA_CARCINOMA,MUCINOUS,-0.00704586132057442,0.03148344316881837,2,3,5
crc,shared_core62_v1,RELATIVE_AREA_STROMA,MUCINOUS,0.02636327711998575,0.14455411856457853,4,1,5
crc,shared_core62_v1,RELATIVE_AREA_NECROSIS,MUCINOUS,0.05374455681846095,0.18512292900755287,3,2,5
crc,shared_core62_v1,RELATIVE_AREA_EPITHELIAL_TISSUE,MUCINOUS,-0.2739133044410148,0.25398718897028044,1,4,5
crc,shared_core62_v1,RELATIVE_AREA_VESSEL,MUCINOUS,0.08069782745539791,0.3360744771708264,2,3,5
crc,shared_core62_v1,RELATIVE_AREA_TUMOR_CORE,MUCINOUS,-0.0763250955486172,0.1319902743712058,2,3,5
crc,shared_core62_v1,RELATIVE_AREA_INNER_INVASIVE_MARGIN,MUCINOUS,0.0773497234116743,0.19939174454168024,4,1,5
crc,shared_core62_v1,RELATIVE_AREA_OUTER_INVASIVE_MARGIN,MUCINOUS,0.06083227232111982,0.43982714413920126,4,1,5
crc,shared_core62_v1,RELATIVE_AREA_CARCINOMA_IN_TUMOR_CORE,MUCINOUS,-0.23634826030219439,0.24288324355837168,0,5,5
crc,shared_core62_v1,RELATIVE_AREA_STROMA_IN_TUMOR_CORE,MUCINOUS,-0.2758118196230792,0.29999867549485626,1,4,5
crc,shared_core62_v1,RELATIVE_AREA_NECROSIS_IN_TUMOR_CORE,MUCINOUS,-0.17239503698672362,0.35944511710606897,1,4,5
crc,shared_core62_v1,RELATIVE_AREA_STROMA_IN_INNER_INVASIVE_MARGIN,MUCINOUS,-0.2250085859292122,0.248192100827095,2,3,5
crc,shared_core62_v1,RELATIVE_AREA_CARCINOMA_IN_INNER_INVASIVE_MARGIN,MUCINOUS,0.006380269640093394,0.13007369314154055,4,1,5
crc,shared_core62_v1,CELL_PERCENTAGE_CARCINOMA_CELL_IN_TUMOR_CORE,MUCINOUS,-0.12922362637272478,0.11528397879993495,0,5,5
crc,shared_core62_v1,CELL_DENSITY_CARCINOMA_CELL_IN_TUMOR_CORE,MUCINOUS,-0.2422462624295348,0.2245959175204908,0,5,5
crc,shared_core62_v1,CELL_PERCENTAGE_LYMPHOCYTE_IN_TUMOR_CORE,MUCINOUS,0.052288697996450084,0.05482269530898317,4,1,5
crc,shared_core62_v1,CELL_DENSITY_LYMPHOCYTE_IN_TUMOR_CORE,MUCINOUS,0.030239082099793646,0.05682664414487411,3,2,5
crc,shared_core62_v1,CELL_PERCENTAGE_MACROPHAGE_IN_TUMOR_CORE,MUCINOUS,-0.03934872113979683,0.15083363462113486,3,2,5
crc,shared_core62_v1,CELL_DENSITY_MACROPHAGE_IN_TUMOR_CORE,MUCINOUS,-0.11386680074729802,0.2262423999139664,3,2,5
crc,shared_core62_v1,CELL_PERCENTAGE_GRANULOCYTE_IN_TUMOR_CORE,MUCINOUS,0.1896121877465362,0.33244794186639687,4,1,5
crc,shared_core62_v1,CELL_DENSITY_GRANULOCYTE_IN_TUMOR_CORE,MUCINOUS,0.02213976506665135,0.21073747028286857,4,1,5
crc,shared_core62_v1,CELL_PERCENTAGE_PLASMA_CELL_IN_TUMOR_CORE,MUCINOUS,0.0077125529554609214,0.18853944017033222,3,2,5
crc,shared_core62_v1,CELL_DENSITY_PLASMA_CELL_IN_TUMOR_CORE,MUCINOUS,0.000986734996716121,0.2051962456482087,2,3,5
crc,shared_core62_v1,CELL_PERCENTAGE_FIBROBLAST_IN_TUMOR_CORE,MUCINOUS,0.07502647313008187,0.1859251349172938,4,1,5
crc,shared_core62_v1,CELL_DENSITY_FIBROBLAST_IN_TUMOR_CORE,MUCINOUS,-0.08722767370410721,0.20238416237220405,2,3,5
crc,shared_core62_v1,CELL_PERCENTAGE_ENDOTHELIAL_CELL_IN_TUMOR_CORE,MUCINOUS,0.023707443034952185,0.1150344060610812,3,2,5
crc,shared_core62_v1,CELL_DENSITY_ENDOTHELIAL_CELL_IN_TUMOR_CORE,MUCINOUS,0.04202697325258336,0.18556510157958242,4,1,5
crc,shared_core62_v1,CELL_PERCENTAGE_CARCINOMA_CELL_IN_INNER_INVASIVE_MARGIN,MUCINOUS,0.06524340923992115,0.0999216022967395,4,1,5
crc,shared_core62_v1,CELL_DENSITY_CARCINOMA_CELL_IN_INNER_INVASIVE_MARGIN,MUCINOUS,-0.2120270753555095,0.2009256128105522,0,5,5
crc,shared_core62_v1,CELL_PERCENTAGE_LYMPHOCYTE_IN_INNER_INVASIVE_MARGIN,MUCINOUS,0.07512104906970299,0.12679840808562914,3,2,5
crc,shared_core62_v1,CELL_DENSITY_LYMPHOCYTE_IN_INNER_INVASIVE_MARGIN,MUCINOUS,-0.11723100071062117,0.13490064337367255,0,5,5
crc,shared_core62_v1,CELL_PERCENTAGE_MACROPHAGE_IN_INNER_INVASIVE_MARGIN,MUCINOUS,-0.07384040943972305,0.2737517891183814,2,3,5
crc,shared_core62_v1,CELL_DENSITY_MACROPHAGE_IN_INNER_INVASIVE_MARGIN,MUCINOUS,-0.18173631160769213,0.29035675297479546,1,4,5
crc,shared_core62_v1,CELL_PERCENTAGE_GRANULOCYTE_IN_INNER_INVASIVE_MARGIN,MUCINOUS,-0.15558899517069896,0.17241286186972601,1,4,5
crc,shared_core62_v1,CELL_DENSITY_GRANULOCYTE_IN_INNER_INVASIVE_MARGIN,MUCINOUS,-0.2289675849431232,0.27377230323646773,0,5,5
crc,shared_core62_v1,CELL_PERCENTAGE_PLASMA_CELL_IN_INNER_INVASIVE_MARGIN,MUCINOUS,-0.22260021820501225,0.4414413550109757,1,4,5
crc,shared_core62_v1,CELL_DENSITY_PLASMA_CELL_IN_INNER_INVASIVE_MARGIN,MUCINOUS,-0.3050815236848253,0.3265658772848609,0,5,5
crc,shared_core62_v1,CELL_PERCENTAGE_FIBROBLAST_IN_INNER_INVASIVE_MARGIN,MUCINOUS,0.04706292333718755,0.0867171933546945,4,1,5
crc,shared_core62_v1,CELL_DENSITY_FIBROBLAST_IN_INNER_INVASIVE_MARGIN,MUCINOUS,-0.10508880314410714,0.2033111656772341,2,3,5
crc,shared_core62_v1,CELL_PERCENTAGE_ENDOTHELIAL_CELL_IN_INNER_INVASIVE_MARGIN,MUCINOUS,0.022161894307159025,0.24527014692854476,2,3,5
crc,shared_core62_v1,CELL_DENSITY_ENDOTHELIAL_CELL_IN_INNER_INVASIVE_MARGIN,MUCINOUS,-0.06927670555557068,0.2709613166137771,1,4,5
crc,shared_core62_v1,RATIO_OF_LYMPHOCYTES_AROUND_CARCINOMA_CELL_IN_WHOLE_TUMOR_REGION_20,MUCINOUS,0.04827709177049328,0.06416002968376655,4,1,5
crc,shared_core62_v1,AVG_MIN_DISTANCE_OF_LYMPHOCYTES_AROUND_CARCINOMA_CELL_IN_WHOLE_TUMOR_REGION_20,MUCINOUS,-0.27020523188811585,0.2987587809476067,0,5,5
crc,shared_core62_v1,RATIO_OF_LYMPHOCYTES_AROUND_CARCINOMA_CELL_IN_WHOLE_TUMOR_REGION_40,MUCINOUS,0.047287054912113526,0.07727662778812032,3,2,5
crc,shared_core62_v1,AVG_MIN_DISTANCE_OF_LYMPHOCYTES_AROUND_CARCINOMA_CELL_IN_WHOLE_TUMOR_REGION_40,MUCINOUS,-0.18012670172570383,0.2046302506131277,0,5,5
crc,shared_core62_v1,RATIO_OF_MACROPHAGES_AROUND_CARCINOMA_CELL_IN_WHOLE_TUMOR_REGION_20,MUCINOUS,0.01589244245349063,0.12361442862978422,3,2,5
crc,shared_core62_v1,AVG_MIN_DISTANCE_OF_MACROPHAGES_AROUND_CARCINOMA_CELL_IN_WHOLE_TUMOR_REGION_20,MUCINOUS,0.08832608091295709,0.2655109749115667,2,3,5
crc,shared_core62_v1,RATIO_OF_MACROPHAGES_AROUND_CARCINOMA_CELL_IN_WHOLE_TUMOR_REGION_40,MUCINOUS,-0.053118612682072706,0.2389040467039581,3,2,5
crc,shared_core62_v1,AVG_MIN_DISTANCE_OF_MACROPHAGES_AROUND_CARCINOMA_CELL_IN_WHOLE_TUMOR_REGION_40,MUCINOUS,0.021992629279075426,0.20864913573294433,2,3,5
crc,shared_core62_v1,RATIO_OF_FIBROBLASTS_AROUND_CARCINOMA_CELL_IN_WHOLE_TUMOR_REGION_20,MUCINOUS,0.043052889761965085,0.11438012547820119,4,1,5
crc,shared_core62_v1,AVG_MIN_DISTANCE_OF_FIBROBLASTS_AROUND_CARCINOMA_CELL_IN_WHOLE_TUMOR_REGION_20,MUCINOUS,-0.207321291561197,0.27278426807978096,0,5,5
crc,shared_core62_v1,RATIO_OF_FIBROBLASTS_AROUND_CARCINOMA_CELL_IN_WHOLE_TUMOR_REGION_40,MUCINOUS,0.002724563244601126,0.02192586527668475,4,1,5
crc,shared_core62_v1,AVG_MIN_DISTANCE_OF_FIBROBLASTS_AROUND_CARCINOMA_CELL_IN_WHOLE_TUMOR_REGION_40,MUCINOUS,-0.13148450619997365,0.1541116788361034,0,5,5
crc,shared_core62_v1,RATIO_OF_PLASMA_CELLS_AROUND_CARCINOMA_CELL_IN_WHOLE_TUMOR_REGION_20,MUCINOUS,-0.007331548271205951,0.1447432955516011,3,2,5
crc,shared_core62_v1,AVG_MIN_DISTANCE_OF_PLASMA_CELLS_AROUND_CARCINOMA_CELL_IN_WHOLE_TUMOR_REGION_20,MUCINOUS,-0.09283528582616334,0.27547549587950054,1,4,5
crc,shared_core62_v1,RATIO_OF_PLASMA_CELLS_AROUND_CARCINOMA_CELL_IN_WHOLE_TUMOR_REGION_40,MUCINOUS,-0.04425454168988974,0.09694142565385097,2,3,5
crc,shared_core62_v1,AVG_MIN_DISTANCE_OF_PLASMA_CELLS_AROUND_CARCINOMA_CELL_IN_WHOLE_TUMOR_REGION_40,MUCINOUS,0.015265827372345147,0.18125160491213957,1,4,5
crc,shared_core62_v1,TLS_IMMATURE_PRESENT,MUCINOUS,-0.11979949929162717,0.26375512794907174,1,4,5
crc,shared_core62_v1,TLS_MATURE_PRESENT,MUCINOUS,-0.0011551137774935161,0.20519773300017474,3,2,5
crc,shared_core62_v1,LOG1P_COUNT_TLS_IMMATURE,MUCINOUS,-0.06937484850035877,0.18146671912981155,2,3,5
crc,shared_core62_v1,LOG1P_COUNT_TLS_MATURE,MUCINOUS,0.058294290544003556,0.3165658417956443,4,1,5
nsclc,shared_core62_v1,RELATIVE_AREA_VALID_TISSUE,LUSC,-0.08178020598609612,0.08142980579010303,0,5,5
nsclc,shared_core62_v1,RELATIVE_AREA_CARCINOMA,LUSC,-0.03238002679709405,0.04686473917386805,2,3,5
nsclc,shared_core62_v1,RELATIVE_AREA_STROMA,LUSC,0.010033067295105277,0.017587721768405905,3,2,5
nsclc,shared_core62_v1,RELATIVE_AREA_NECROSIS,LUSC,0.10717261315308961,0.10247356992688607,5,0,5
nsclc,shared_core62_v1,RELATIVE_AREA_EPITHELIAL_TISSUE,LUSC,0.08629009549100738,0.08569999032940269,5,0,5
nsclc,shared_core62_v1,RELATIVE_AREA_VESSEL,LUSC,0.003927470032198057,0.038736272619642756,2,3,5
nsclc,shared_core62_v1,RELATIVE_AREA_TUMOR_CORE,LUSC,-0.06704183595557509,0.07256764023970978,0,5,5
nsclc,shared_core62_v1,RELATIVE_AREA_INNER_INVASIVE_MARGIN,LUSC,-0.023925195583104467,0.02670616168302457,1,4,5
nsclc,shared_core62_v1,RELATIVE_AREA_OUTER_INVASIVE_MARGIN,LUSC,0.02526404471264273,0.050276911752603355,4,1,5
nsclc,shared_core62_v1,RELATIVE_AREA_CARCINOMA_IN_TUMOR_CORE,LUSC,-0.00570268403971708,0.03743963708118402,3,2,5
nsclc,shared_core62_v1,RELATIVE_AREA_STROMA_IN_TUMOR_CORE,LUSC,-0.0036205775526429868,0.06069797114461348,3,2,5
nsclc,shared_core62_v1,RELATIVE_AREA_NECROSIS_IN_TUMOR_CORE,LUSC,0.08422751077544258,0.06920213376800458,5,0,5
nsclc,shared_core62_v1,RELATIVE_AREA_STROMA_IN_INNER_INVASIVE_MARGIN,LUSC,0.005348884133954006,0.027797798146231876,4,1,5
nsclc,shared_core62_v1,RELATIVE_AREA_CARCINOMA_IN_INNER_INVASIVE_MARGIN,LUSC,0.03126970860417989,0.039755752725559874,4,1,5
nsclc,shared_core62_v1,CELL_PERCENTAGE_CARCINOMA_CELL_IN_TUMOR_CORE,LUSC,0.004286002696925343,0.026412598859241184,3,2,5
nsclc,shared_core62_v1,CELL_DENSITY_CARCINOMA_CELL_IN_TUMOR_CORE,LUSC,-0.0006788063672544364,0.03558690121324459,3,2,5
nsclc,shared_core62_v1,CELL_PERCENTAGE_LYMPHOCYTE_IN_TUMOR_CORE,LUSC,-0.07983699372274991,0.051304725851677474,0,5,5
nsclc,shared_core62_v1,CELL_DENSITY_LYMPHOCYTE_IN_TUMOR_CORE,LUSC,-0.06189958345627815,0.05834443107889379,1,4,5
nsclc,shared_core62_v1,CELL_PERCENTAGE_MACROPHAGE_IN_TUMOR_CORE,LUSC,0.011382004607106908,0.08452690531304023,2,3,5
nsclc,shared_core62_v1,CELL_DENSITY_MACROPHAGE_IN_TUMOR_CORE,LUSC,0.015246762965801047,0.11367320517730865,2,3,5
nsclc,shared_core62_v1,CELL_PERCENTAGE_GRANULOCYTE_IN_TUMOR_CORE,LUSC,0.045861812267363355,0.04440567731087635,5,0,5
nsclc,shared_core62_v1,CELL_DENSITY_GRANULOCYTE_IN_TUMOR_CORE,LUSC,0.02806899035960972,0.06219895351747351,3,2,5
nsclc,shared_core62_v1,CELL_PERCENTAGE_PLASMA_CELL_IN_TUMOR_CORE,LUSC,0.04445585980171731,0.06590850287368258,4,1,5
nsclc,shared_core62_v1,CELL_DENSITY_PLASMA_CELL_IN_TUMOR_CORE,LUSC,0.01927251780644834,0.056110378728894336,3,2,5
nsclc,shared_core62_v1,CELL_PERCENTAGE_FIBROBLAST_IN_TUMOR_CORE,LUSC,0.007855935985282201,0.058207147401934375,1,4,5
nsclc,shared_core62_v1,CELL_DENSITY_FIBROBLAST_IN_TUMOR_CORE,LUSC,0.02308147410776451,0.07189629157159048,3,2,5
nsclc,shared_core62_v1,CELL_PERCENTAGE_ENDOTHELIAL_CELL_IN_TUMOR_CORE,LUSC,-0.05908444650355153,0.0645092239363986,0,5,5
nsclc,shared_core62_v1,CELL_DENSITY_ENDOTHELIAL_CELL_IN_TUMOR_CORE,LUSC,-0.038216036241702445,0.04597001858089514,0,5,5
nsclc,shared_core62_v1,CELL_PERCENTAGE_CARCINOMA_CELL_IN_INNER_INVASIVE_MARGIN,LUSC,0.021995508100528693,0.042530660486729766,3,2,5
nsclc,shared_core62_v1,CELL_DENSITY_CARCINOMA_CELL_IN_INNER_INVASIVE_MARGIN,LUSC,0.04256177289380805,0.040845048627264034,5,0,5
nsclc,shared_core62_v1,CELL_PERCENTAGE_LYMPHOCYTE_IN_INNER_INVASIVE_MARGIN,LUSC,-0.05470329271626608,0.07034608295939875,0,5,5
nsclc,shared_core62_v1,CELL_DENSITY_LYMPHOCYTE_IN_INNER_INVASIVE_MARGIN,LUSC,-0.04720795980069657,0.03742560243673979,1,4,5
nsclc,shared_core62_v1,CELL_PERCENTAGE_MACROPHAGE_IN_INNER_INVASIVE_MARGIN,LUSC,-0.004895351768563553,0.033514779360923605,2,3,5
nsclc,shared_core62_v1,CELL_DENSITY_MACROPHAGE_IN_INNER_INVASIVE_MARGIN,LUSC,0.004583701179401783,0.02258261151758709,3,2,5
nsclc,shared_core62_v1,CELL_PERCENTAGE_GRANULOCYTE_IN_INNER_INVASIVE_MARGIN,LUSC,0.06175597167689277,0.04847066017729321,5,0,5
nsclc,shared_core62_v1,CELL_DENSITY_GRANULOCYTE_IN_INNER_INVASIVE_MARGIN,LUSC,0.05469586845410277,0.04752827376175544,5,0,5
nsclc,shared_core62_v1,CELL_PERCENTAGE_PLASMA_CELL_IN_INNER_INVASIVE_MARGIN,LUSC,0.016222529975177234,0.010970141706040062,5,0,5
nsclc,shared_core62_v1,CELL_DENSITY_PLASMA_CELL_IN_INNER_INVASIVE_MARGIN,LUSC,0.02787517113620159,0.05430600811453433,4,1,5
nsclc,shared_core62_v1,CELL_PERCENTAGE_FIBROBLAST_IN_INNER_INVASIVE_MARGIN,LUSC,0.02674431425792164,0.043960469088597146,4,1,5
nsclc,shared_core62_v1,CELL_DENSITY_FIBROBLAST_IN_INNER_INVASIVE_MARGIN,LUSC,0.061805235205996054,0.05451075304617656,5,0,5
nsclc,shared_core62_v1,CELL_PERCENTAGE_ENDOTHELIAL_CELL_IN_INNER_INVASIVE_MARGIN,LUSC,-0.07279650034402707,0.05298773355901464,0,5,5
nsclc,shared_core62_v1,CELL_DENSITY_ENDOTHELIAL_CELL_IN_INNER_INVASIVE_MARGIN,LUSC,-0.03582166947689873,0.026783855278675592,0,5,5
nsclc,shared_core62_v1,RATIO_OF_LYMPHOCYTES_AROUND_CARCINOMA_CELL_IN_WHOLE_TUMOR_REGION_20,LUSC,-0.09810036618202715,0.06879584989204415,0,5,5
nsclc,shared_core62_v1,AVG_MIN_DISTANCE_OF_LYMPHOCYTES_AROUND_CARCINOMA_CELL_IN_WHOLE_TUMOR_REGION_20,LUSC,-0.003564349993794887,0.06272336624030096,3,2,5
nsclc,shared_core62_v1,RATIO_OF_LYMPHOCYTES_AROUND_CARCINOMA_CELL_IN_WHOLE_TUMOR_REGION_40,LUSC,-0.09225983679201491,0.0680374224152203,0,5,5
nsclc,shared_core62_v1,AVG_MIN_DISTANCE_OF_LYMPHOCYTES_AROUND_CARCINOMA_CELL_IN_WHOLE_TUMOR_REGION_40,LUSC,0.07392385597047726,0.06321204001323784,5,0,5
nsclc,shared_core62_v1,RATIO_OF_MACROPHAGES_AROUND_CARCINOMA_CELL_IN_WHOLE_TUMOR_REGION_20,LUSC,-0.050076513203180795,0.06275921914142311,0,5,5
nsclc,shared_core62_v1,AVG_MIN_DISTANCE_OF_MACROPHAGES_AROUND_CARCINOMA_CELL_IN_WHOLE_TUMOR_REGION_20,LUSC,-0.025808063525824442,0.017842885631855012,0,5,5
nsclc,shared_core62_v1,RATIO_OF_MACROPHAGES_AROUND_CARCINOMA_CELL_IN_WHOLE_TUMOR_REGION_40,LUSC,-0.006358119089678471,0.06323579252635227,1,4,5
nsclc,shared_core62_v1,AVG_MIN_DISTANCE_OF_MACROPHAGES_AROUND_CARCINOMA_CELL_IN_WHOLE_TUMOR_REGION_40,LUSC,0.025459351573471574,0.057167582237691035,4,1,5
nsclc,shared_core62_v1,RATIO_OF_FIBROBLASTS_AROUND_CARCINOMA_CELL_IN_WHOLE_TUMOR_REGION_20,LUSC,-0.09545137581719984,0.08207598836829468,0,5,5
nsclc,shared_core62_v1,AVG_MIN_DISTANCE_OF_FIBROBLASTS_AROUND_CARCINOMA_CELL_IN_WHOLE_TUMOR_REGION_20,LUSC,0.0872482175325586,0.09212307616183198,5,0,5
nsclc,shared_core62_v1,RATIO_OF_FIBROBLASTS_AROUND_CARCINOMA_CELL_IN_WHOLE_TUMOR_REGION_40,LUSC,-0.03661176526814558,0.06426404812929243,1,4,5
nsclc,shared_core62_v1,AVG_MIN_DISTANCE_OF_FIBROBLASTS_AROUND_CARCINOMA_CELL_IN_WHOLE_TUMOR_REGION_40,LUSC,0.15177737529793642,0.128253021553934,5,0,5
nsclc,shared_core62_v1,RATIO_OF_PLASMA_CELLS_AROUND_CARCINOMA_CELL_IN_WHOLE_TUMOR_REGION_20,LUSC,-0.09289126598055533,0.08224648474074372,1,4,5
nsclc,shared_core62_v1,AVG_MIN_DISTANCE_OF_PLASMA_CELLS_AROUND_CARCINOMA_CELL_IN_WHOLE_TUMOR_REGION_20,LUSC,-0.04696443468385919,0.033944119011410125,0,5,5
nsclc,shared_core62_v1,RATIO_OF_PLASMA_CELLS_AROUND_CARCINOMA_CELL_IN_WHOLE_TUMOR_REGION_40,LUSC,-0.06109936582211284,0.06467218851046916,2,3,5
nsclc,shared_core62_v1,AVG_MIN_DISTANCE_OF_PLASMA_CELLS_AROUND_CARCINOMA_CELL_IN_WHOLE_TUMOR_REGION_40,LUSC,0.0763188764681477,0.07998513109190036,4,1,5
nsclc,shared_core62_v1,TLS_IMMATURE_PRESENT,LUSC,-0.00888540051890976,0.06365152381045851,1,4,5
nsclc,shared_core62_v1,TLS_MATURE_PRESENT,LUSC,0.07822083700701302,0.07992604979321909,5,0,5
nsclc,shared_core62_v1,LOG1P_COUNT_TLS_IMMATURE,LUSC,-0.004706428082089334,0.09250106750743324,2,3,5
nsclc,shared_core62_v1,LOG1P_COUNT_TLS_MATURE,LUSC,0.07347657227309644,0.07521533888238086,5,0,5
